unique_string,worker_id,assignment_id,hit_id,video_url,response,label,correctness,timeout,experiment_number,ip_address,time_taken,submission_timestamp,correct_during_trial,incorrect_during_trial,device_properties
37f004706610decae59d7b67dddb2d10,ANBEOFBHREHKH,33LK57MYLT5DF07T420Q0AHJXD9SZC,375VSR8FVW9ZR19MZBVKMGGVF89ZRQ,chair/chair_03/03/0037.png,0,1,0,False,0,23.140.82.162,3.75685453414917,2024-04-05 01:09:45.000525,9,24,"None None None Mozilla/5.0 (Windows NT 10.0; Win64; x64) AppleWebKit/537.36 (KHTML, like Gecko) Chrome/123.0.0.0 Safari/537.36"
37f004706610decae59d7b67dddb2d10,ANBEOFBHREHKH,33LK57MYLT5DF07T420Q0AHJXD9SZC,375VSR8FVW9ZR19MZBVKMGGVF89ZRQ,chair/chair_03/09/0033.png,1,0,0,False,1,23.140.82.162,3.7644739151000977,2024-04-05 01:09:50.005343,9,24,"None None None Mozilla/5.0 (Windows NT 10.0; Win64; x64) AppleWebKit/537.36 (KHTML, like Gecko) Chrome/123.0.0.0 Safari/537.36"
37f004706610decae59d7b67dddb2d10,ANBEOFBHREHKH,33LK57MYLT5DF07T420Q0AHJXD9SZC,375VSR8FVW9ZR19MZBVKMGGVF89ZRQ,suitcase/suitcase_03/07/0016.png,1,0,0,False,2,23.140.82.162,3.532276153564453,2024-04-05 01:09:54.756271,9,24,"None None None Mozilla/5.0 (Windows NT 10.0; Win64; x64) AppleWebKit/537.36 (KHTML, like Gecko) Chrome/123.0.0.0 Safari/537.36"
37f004706610decae59d7b67dddb2d10,ANBEOFBHREHKH,33LK57MYLT5DF07T420Q0AHJXD9SZC,375VSR8FVW9ZR19MZBVKMGGVF89ZRQ,couch/couch_03/03/0040.png,0,1,0,False,3,23.140.82.162,3.2970223426818848,2024-04-05 01:09:59.280484,9,24,"None None None Mozilla/5.0 (Windows NT 10.0; Win64; x64) AppleWebKit/537.36 (KHTML, like Gecko) Chrome/123.0.0.0 Safari/537.36"
37f004706610decae59d7b67dddb2d10,ANBEOFBHREHKH,33LK57MYLT5DF07T420Q0AHJXD9SZC,375VSR8FVW9ZR19MZBVKMGGVF89ZRQ,chair/chair_03/07/0048.png,1,0,0,True,4,23.140.82.162,5.178743362426758,2024-04-05 01:10:05.717162,9,24,"None None None Mozilla/5.0 (Windows NT 10.0; Win64; x64) AppleWebKit/537.36 (KHTML, like Gecko) Chrome/123.0.0.0 Safari/537.36"
37f004706610decae59d7b67dddb2d10,ANBEOFBHREHKH,33LK57MYLT5DF07T420Q0AHJXD9SZC,375VSR8FVW9ZR19MZBVKMGGVF89ZRQ,hydrant/hydrant_03/06/0005.png,0,0,1,False,5,23.140.82.162,2.819901943206787,2024-04-05 01:10:09.768977,9,24,"None None None Mozilla/5.0 (Windows NT 10.0; Win64; x64) AppleWebKit/537.36 (KHTML, like Gecko) Chrome/123.0.0.0 Safari/537.36"
37f004706610decae59d7b67dddb2d10,ANBEOFBHREHKH,33LK57MYLT5DF07T420Q0AHJXD9SZC,375VSR8FVW9ZR19MZBVKMGGVF89ZRQ,chair/chair_03/07/0044.png,1,0,0,False,6,23.140.82.162,2.9181602001190186,2024-04-05 01:10:13.910381,9,24,"None None None Mozilla/5.0 (Windows NT 10.0; Win64; x64) AppleWebKit/537.36 (KHTML, like Gecko) Chrome/123.0.0.0 Safari/537.36"
37f004706610decae59d7b67dddb2d10,ANBEOFBHREHKH,33LK57MYLT5DF07T420Q0AHJXD9SZC,375VSR8FVW9ZR19MZBVKMGGVF89ZRQ,car/car_03/07/0019.png,0,0,1,False,7,23.140.82.162,3.467036247253418,2024-04-05 01:10:18.597288,9,24,"None None None Mozilla/5.0 (Windows NT 10.0; Win64; x64) AppleWebKit/537.36 (KHTML, like Gecko) Chrome/123.0.0.0 Safari/537.36"
37f004706610decae59d7b67dddb2d10,ANBEOFBHREHKH,33LK57MYLT5DF07T420Q0AHJXD9SZC,375VSR8FVW9ZR19MZBVKMGGVF89ZRQ,bench/bench_03/09/0040.png,1,0,0,False,8,23.140.82.162,3.372359037399292,2024-04-05 01:10:23.209429,9,24,"None None None Mozilla/5.0 (Windows NT 10.0; Win64; x64) AppleWebKit/537.36 (KHTML, like Gecko) Chrome/123.0.0.0 Safari/537.36"
37f004706610decae59d7b67dddb2d10,ANBEOFBHREHKH,33LK57MYLT5DF07T420Q0AHJXD9SZC,375VSR8FVW9ZR19MZBVKMGGVF89ZRQ,umbrella/umbrella_03/09/0038.png,1,0,0,False,9,23.140.82.162,3.983455657958984,2024-04-05 01:10:28.424910,9,24,"None None None Mozilla/5.0 (Windows NT 10.0; Win64; x64) AppleWebKit/537.36 (KHTML, like Gecko) Chrome/123.0.0.0 Safari/537.36"
37f004706610decae59d7b67dddb2d10,ANBEOFBHREHKH,33LK57MYLT5DF07T420Q0AHJXD9SZC,375VSR8FVW9ZR19MZBVKMGGVF89ZRQ,couch/couch_03/05/0047.png,0,1,0,False,10,23.140.82.162,3.1775028705596924,2024-04-05 01:10:32.859148,9,24,"None None None Mozilla/5.0 (Windows NT 10.0; Win64; x64) AppleWebKit/537.36 (KHTML, like Gecko) Chrome/123.0.0.0 Safari/537.36"
37f004706610decae59d7b67dddb2d10,ANBEOFBHREHKH,33LK57MYLT5DF07T420Q0AHJXD9SZC,375VSR8FVW9ZR19MZBVKMGGVF89ZRQ,umbrella/umbrella_03/09/0009.png,0,0,1,False,11,23.140.82.162,3.332035541534424,2024-04-05 01:10:37.447476,9,24,"None None None Mozilla/5.0 (Windows NT 10.0; Win64; x64) AppleWebKit/537.36 (KHTML, like Gecko) Chrome/123.0.0.0 Safari/537.36"
37f004706610decae59d7b67dddb2d10,ANBEOFBHREHKH,33LK57MYLT5DF07T420Q0AHJXD9SZC,375VSR8FVW9ZR19MZBVKMGGVF89ZRQ,chair/chair_03/01/0042.png,0,1,0,True,12,23.140.82.162,6.4188103675842285,2024-04-05 01:10:45.110355,9,24,"None None None Mozilla/5.0 (Windows NT 10.0; Win64; x64) AppleWebKit/537.36 (KHTML, like Gecko) Chrome/123.0.0.0 Safari/537.36"
37f004706610decae59d7b67dddb2d10,ANBEOFBHREHKH,33LK57MYLT5DF07T420Q0AHJXD9SZC,375VSR8FVW9ZR19MZBVKMGGVF89ZRQ,laptop/laptop_03/08/0012.png,1,0,0,False,13,23.140.82.162,3.2462351322174072,2024-04-05 01:10:49.629591,9,24,"None None None Mozilla/5.0 (Windows NT 10.0; Win64; x64) AppleWebKit/537.36 (KHTML, like Gecko) Chrome/123.0.0.0 Safari/537.36"
37f004706610decae59d7b67dddb2d10,ANBEOFBHREHKH,33LK57MYLT5DF07T420Q0AHJXD9SZC,375VSR8FVW9ZR19MZBVKMGGVF89ZRQ,suitcase/suitcase_03/04/0018.png,0,1,0,False,14,23.140.82.162,3.437803268432617,2024-04-05 01:10:54.310842,9,24,"None None None Mozilla/5.0 (Windows NT 10.0; Win64; x64) AppleWebKit/537.36 (KHTML, like Gecko) Chrome/123.0.0.0 Safari/537.36"
37f004706610decae59d7b67dddb2d10,ANBEOFBHREHKH,33LK57MYLT5DF07T420Q0AHJXD9SZC,375VSR8FVW9ZR19MZBVKMGGVF89ZRQ,couch/couch_03/02/0009.png,1,1,1,False,15,23.140.82.162,3.7541792392730713,2024-04-05 01:10:59.320400,9,24,"None None None Mozilla/5.0 (Windows NT 10.0; Win64; x64) AppleWebKit/537.36 (KHTML, like Gecko) Chrome/123.0.0.0 Safari/537.36"
37f004706610decae59d7b67dddb2d10,ANBEOFBHREHKH,33LK57MYLT5DF07T420Q0AHJXD9SZC,375VSR8FVW9ZR19MZBVKMGGVF89ZRQ,motorcycle/motorcycle_03/08/0003.png,1,0,0,False,16,23.140.82.162,3.989433765411377,2024-04-05 01:11:04.531394,9,24,"None None None Mozilla/5.0 (Windows NT 10.0; Win64; x64) AppleWebKit/537.36 (KHTML, like Gecko) Chrome/123.0.0.0 Safari/537.36"
37f004706610decae59d7b67dddb2d10,ANBEOFBHREHKH,33LK57MYLT5DF07T420Q0AHJXD9SZC,375VSR8FVW9ZR19MZBVKMGGVF89ZRQ,chair/chair_03/08/0042.png,0,0,1,False,17,23.140.82.162,3.577368259429932,2024-04-05 01:11:09.322801,9,24,"None None None Mozilla/5.0 (Windows NT 10.0; Win64; x64) AppleWebKit/537.36 (KHTML, like Gecko) Chrome/123.0.0.0 Safari/537.36"
37f004706610decae59d7b67dddb2d10,ANBEOFBHREHKH,33LK57MYLT5DF07T420Q0AHJXD9SZC,375VSR8FVW9ZR19MZBVKMGGVF89ZRQ,chair/chair_03/07/0039.png,0,0,1,False,18,23.140.82.162,3.177700996398926,2024-04-05 01:11:13.744984,9,24,"None None None Mozilla/5.0 (Windows NT 10.0; Win64; x64) AppleWebKit/537.36 (KHTML, like Gecko) Chrome/123.0.0.0 Safari/537.36"
37f004706610decae59d7b67dddb2d10,ANBEOFBHREHKH,33LK57MYLT5DF07T420Q0AHJXD9SZC,375VSR8FVW9ZR19MZBVKMGGVF89ZRQ,suitcase/suitcase_03/08/0012.png,1,0,0,False,19,23.140.82.162,3.2062675952911377,2024-04-05 01:11:18.375472,9,24,"None None None Mozilla/5.0 (Windows NT 10.0; Win64; x64) AppleWebKit/537.36 (KHTML, like Gecko) Chrome/123.0.0.0 Safari/537.36"
37f004706610decae59d7b67dddb2d10,ANBEOFBHREHKH,33LK57MYLT5DF07T420Q0AHJXD9SZC,375VSR8FVW9ZR19MZBVKMGGVF89ZRQ,suitcase/suitcase_03/02/0046.png,0,1,0,False,20,23.140.82.162,3.570734739303589,2024-04-05 01:11:35.478314,9,24,"None None None Mozilla/5.0 (Windows NT 10.0; Win64; x64) AppleWebKit/537.36 (KHTML, like Gecko) Chrome/123.0.0.0 Safari/537.36"
37f004706610decae59d7b67dddb2d10,ANBEOFBHREHKH,33LK57MYLT5DF07T420Q0AHJXD9SZC,375VSR8FVW9ZR19MZBVKMGGVF89ZRQ,bench/bench_03/07/0022.png,0,0,1,True,21,23.140.82.162,5.487993478775024,2024-04-05 01:11:42.197531,9,24,"None None None Mozilla/5.0 (Windows NT 10.0; Win64; x64) AppleWebKit/537.36 (KHTML, like Gecko) Chrome/123.0.0.0 Safari/537.36"
37f004706610decae59d7b67dddb2d10,ANBEOFBHREHKH,33LK57MYLT5DF07T420Q0AHJXD9SZC,375VSR8FVW9ZR19MZBVKMGGVF89ZRQ,laptop/laptop_03/03/0011.png,0,1,0,False,22,23.140.82.162,3.4444773197174072,2024-04-05 01:11:46.902052,9,24,"None None None Mozilla/5.0 (Windows NT 10.0; Win64; x64) AppleWebKit/537.36 (KHTML, like Gecko) Chrome/123.0.0.0 Safari/537.36"
37f004706610decae59d7b67dddb2d10,ANBEOFBHREHKH,33LK57MYLT5DF07T420Q0AHJXD9SZC,375VSR8FVW9ZR19MZBVKMGGVF89ZRQ,bench/bench_03/04/0010.png,1,1,1,False,23,23.140.82.162,3.906049489974976,2024-04-05 01:11:52.058186,9,24,"None None None Mozilla/5.0 (Windows NT 10.0; Win64; x64) AppleWebKit/537.36 (KHTML, like Gecko) Chrome/123.0.0.0 Safari/537.36"
37f004706610decae59d7b67dddb2d10,ANBEOFBHREHKH,33LK57MYLT5DF07T420Q0AHJXD9SZC,375VSR8FVW9ZR19MZBVKMGGVF89ZRQ,hydrant/hydrant_03/09/0041.png,1,0,0,True,24,23.140.82.162,4.307084083557129,2024-04-05 01:11:57.589099,9,24,"None None None Mozilla/5.0 (Windows NT 10.0; Win64; x64) AppleWebKit/537.36 (KHTML, like Gecko) Chrome/123.0.0.0 Safari/537.36"
37f004706610decae59d7b67dddb2d10,ANBEOFBHREHKH,33LK57MYLT5DF07T420Q0AHJXD9SZC,375VSR8FVW9ZR19MZBVKMGGVF89ZRQ,laptop/laptop_03/08/0000.png,0,0,1,False,25,23.140.82.162,3.6409833431243896,2024-04-05 01:12:02.449213,9,24,"None None None Mozilla/5.0 (Windows NT 10.0; Win64; x64) AppleWebKit/537.36 (KHTML, like Gecko) Chrome/123.0.0.0 Safari/537.36"
37f004706610decae59d7b67dddb2d10,ANBEOFBHREHKH,33LK57MYLT5DF07T420Q0AHJXD9SZC,375VSR8FVW9ZR19MZBVKMGGVF89ZRQ,couch/couch_03/04/0018.png,1,1,1,False,26,23.140.82.162,2.956757068634033,2024-04-05 01:12:06.648194,9,24,"None None None Mozilla/5.0 (Windows NT 10.0; Win64; x64) AppleWebKit/537.36 (KHTML, like Gecko) Chrome/123.0.0.0 Safari/537.36"
37f004706610decae59d7b67dddb2d10,ANBEOFBHREHKH,33LK57MYLT5DF07T420Q0AHJXD9SZC,375VSR8FVW9ZR19MZBVKMGGVF89ZRQ,car/car_03/03/0002.png,0,1,0,False,27,23.140.82.162,3.096813678741455,2024-04-05 01:12:10.971334,9,24,"None None None Mozilla/5.0 (Windows NT 10.0; Win64; x64) AppleWebKit/537.36 (KHTML, like Gecko) Chrome/123.0.0.0 Safari/537.36"
37f004706610decae59d7b67dddb2d10,ANBEOFBHREHKH,33LK57MYLT5DF07T420Q0AHJXD9SZC,375VSR8FVW9ZR19MZBVKMGGVF89ZRQ,car/car_03/05/0034.png,1,1,1,False,28,23.140.82.162,3.25271224975586,2024-04-05 01:12:15.455990,9,24,"None None None Mozilla/5.0 (Windows NT 10.0; Win64; x64) AppleWebKit/537.36 (KHTML, like Gecko) Chrome/123.0.0.0 Safari/537.36"
37f004706610decae59d7b67dddb2d10,ANBEOFBHREHKH,33LK57MYLT5DF07T420Q0AHJXD9SZC,375VSR8FVW9ZR19MZBVKMGGVF89ZRQ,bench/bench_03/06/0046.png,0,0,1,False,29,23.140.82.162,3.521475553512573,2024-04-05 01:12:20.211158,9,24,"None None None Mozilla/5.0 (Windows NT 10.0; Win64; x64) AppleWebKit/537.36 (KHTML, like Gecko) Chrome/123.0.0.0 Safari/537.36"
37f004706610decae59d7b67dddb2d10,ANBEOFBHREHKH,33LK57MYLT5DF07T420Q0AHJXD9SZC,375VSR8FVW9ZR19MZBVKMGGVF89ZRQ,hydrant/hydrant_03/08/0046.png,1,0,0,False,30,23.140.82.162,3.108018398284912,2024-04-05 01:12:24.554346,9,24,"None None None Mozilla/5.0 (Windows NT 10.0; Win64; x64) AppleWebKit/537.36 (KHTML, like Gecko) Chrome/123.0.0.0 Safari/537.36"
37f004706610decae59d7b67dddb2d10,ANBEOFBHREHKH,33LK57MYLT5DF07T420Q0AHJXD9SZC,375VSR8FVW9ZR19MZBVKMGGVF89ZRQ,couch/couch_03/08/0006.png,0,0,1,False,31,23.140.82.162,3.1942508220672607,2024-04-05 01:12:28.981330,9,24,"None None None Mozilla/5.0 (Windows NT 10.0; Win64; x64) AppleWebKit/537.36 (KHTML, like Gecko) Chrome/123.0.0.0 Safari/537.36"
37f004706610decae59d7b67dddb2d10,ANBEOFBHREHKH,33LK57MYLT5DF07T420Q0AHJXD9SZC,375VSR8FVW9ZR19MZBVKMGGVF89ZRQ,hydrant/hydrant_03/07/0003.png,1,0,0,False,32,23.140.82.162,3.4355201721191406,2024-04-05 01:12:33.676421,9,24,"None None None Mozilla/5.0 (Windows NT 10.0; Win64; x64) AppleWebKit/537.36 (KHTML, like Gecko) Chrome/123.0.0.0 Safari/537.36"
37f004706610decae59d7b67dddb2d10,ANBEOFBHREHKH,33LK57MYLT5DF07T420Q0AHJXD9SZC,375VSR8FVW9ZR19MZBVKMGGVF89ZRQ,hydrant/hydrant_03/09/0019.png,0,0,1,False,33,23.140.82.162,2.919192314147949,2024-04-05 01:12:37.825648,9,24,"None None None Mozilla/5.0 (Windows NT 10.0; Win64; x64) AppleWebKit/537.36 (KHTML, like Gecko) Chrome/123.0.0.0 Safari/537.36"
37f004706610decae59d7b67dddb2d10,ANBEOFBHREHKH,33LK57MYLT5DF07T420Q0AHJXD9SZC,375VSR8FVW9ZR19MZBVKMGGVF89ZRQ,motorcycle/motorcycle_03/05/0038.png,0,1,0,False,34,23.140.82.162,3.27299427986145,2024-04-05 01:12:42.332197,9,24,"None None None Mozilla/5.0 (Windows NT 10.0; Win64; x64) AppleWebKit/537.36 (KHTML, like Gecko) Chrome/123.0.0.0 Safari/537.36"
37f004706610decae59d7b67dddb2d10,ANBEOFBHREHKH,33LK57MYLT5DF07T420Q0AHJXD9SZC,375VSR8FVW9ZR19MZBVKMGGVF89ZRQ,laptop/laptop_03/02/0029.png,0,1,0,False,35,23.140.82.162,3.16715145111084,2024-04-05 01:12:46.721552,9,24,"None None None Mozilla/5.0 (Windows NT 10.0; Win64; x64) AppleWebKit/537.36 (KHTML, like Gecko) Chrome/123.0.0.0 Safari/537.36"
37f004706610decae59d7b67dddb2d10,ANBEOFBHREHKH,33LK57MYLT5DF07T420Q0AHJXD9SZC,375VSR8FVW9ZR19MZBVKMGGVF89ZRQ,car/car_03/03/0000.png,0,1,0,False,36,23.140.82.162,3.3389930725097656,2024-04-05 01:12:51.292902,9,24,"None None None Mozilla/5.0 (Windows NT 10.0; Win64; x64) AppleWebKit/537.36 (KHTML, like Gecko) Chrome/123.0.0.0 Safari/537.36"
37f004706610decae59d7b67dddb2d10,ANBEOFBHREHKH,33LK57MYLT5DF07T420Q0AHJXD9SZC,375VSR8FVW9ZR19MZBVKMGGVF89ZRQ,car/car_03/03/0000.png,0,1,0,False,36,23.140.82.162,3.379291296005249,2024-04-05 01:12:51.333199,9,24,"None None None Mozilla/5.0 (Windows NT 10.0; Win64; x64) AppleWebKit/537.36 (KHTML, like Gecko) Chrome/123.0.0.0 Safari/537.36"
37f004706610decae59d7b67dddb2d10,ANBEOFBHREHKH,33LK57MYLT5DF07T420Q0AHJXD9SZC,375VSR8FVW9ZR19MZBVKMGGVF89ZRQ,bench/bench_03/03/0027.png,1,1,1,False,37,23.140.82.162,3.26947021484375,2024-04-05 01:12:55.832551,9,24,"None None None Mozilla/5.0 (Windows NT 10.0; Win64; x64) AppleWebKit/537.36 (KHTML, like Gecko) Chrome/123.0.0.0 Safari/537.36"
37f004706610decae59d7b67dddb2d10,ANBEOFBHREHKH,33LK57MYLT5DF07T420Q0AHJXD9SZC,375VSR8FVW9ZR19MZBVKMGGVF89ZRQ,hydrant/hydrant_03/01/0008.png,1,1,1,False,38,23.140.82.162,3.7580647468566895,2024-04-05 01:13:00.811436,9,24,"None None None Mozilla/5.0 (Windows NT 10.0; Win64; x64) AppleWebKit/537.36 (KHTML, like Gecko) Chrome/123.0.0.0 Safari/537.36"
37f004706610decae59d7b67dddb2d10,ANBEOFBHREHKH,33LK57MYLT5DF07T420Q0AHJXD9SZC,375VSR8FVW9ZR19MZBVKMGGVF89ZRQ,couch/couch_03/08/0032.png,1,0,0,False,39,23.140.82.162,4.023998498916626,2024-04-05 01:13:06.064993,9,24,"None None None Mozilla/5.0 (Windows NT 10.0; Win64; x64) AppleWebKit/537.36 (KHTML, like Gecko) Chrome/123.0.0.0 Safari/537.36"
37f004706610decae59d7b67dddb2d10,ANBEOFBHREHKH,33LK57MYLT5DF07T420Q0AHJXD9SZC,375VSR8FVW9ZR19MZBVKMGGVF89ZRQ,suitcase/suitcase_03/04/0015.png,1,1,1,False,40,23.140.82.162,2.9408822059631348,2024-04-05 01:13:21.222735,9,24,"None None None Mozilla/5.0 (Windows NT 10.0; Win64; x64) AppleWebKit/537.36 (KHTML, like Gecko) Chrome/123.0.0.0 Safari/537.36"
37f004706610decae59d7b67dddb2d10,ANBEOFBHREHKH,33LK57MYLT5DF07T420Q0AHJXD9SZC,375VSR8FVW9ZR19MZBVKMGGVF89ZRQ,motorcycle/motorcycle_03/03/0040.png,1,1,1,False,41,23.140.82.162,3.929718255996704,2024-04-05 01:13:26.362015,9,24,"None None None Mozilla/5.0 (Windows NT 10.0; Win64; x64) AppleWebKit/537.36 (KHTML, like Gecko) Chrome/123.0.0.0 Safari/537.36"
37f004706610decae59d7b67dddb2d10,ANBEOFBHREHKH,33LK57MYLT5DF07T420Q0AHJXD9SZC,375VSR8FVW9ZR19MZBVKMGGVF89ZRQ,couch/couch_03/06/0017.png,0,0,1,False,42,23.140.82.162,3.7652063369750977,2024-04-05 01:13:31.325512,9,24,"None None None Mozilla/5.0 (Windows NT 10.0; Win64; x64) AppleWebKit/537.36 (KHTML, like Gecko) Chrome/123.0.0.0 Safari/537.36"
37f004706610decae59d7b67dddb2d10,ANBEOFBHREHKH,33LK57MYLT5DF07T420Q0AHJXD9SZC,375VSR8FVW9ZR19MZBVKMGGVF89ZRQ,car/car_03/05/0044.png,1,1,1,False,43,23.140.82.162,3.97937536239624,2024-04-05 01:13:36.618159,9,24,"None None None Mozilla/5.0 (Windows NT 10.0; Win64; x64) AppleWebKit/537.36 (KHTML, like Gecko) Chrome/123.0.0.0 Safari/537.36"
37f004706610decae59d7b67dddb2d10,ANBEOFBHREHKH,33LK57MYLT5DF07T420Q0AHJXD9SZC,375VSR8FVW9ZR19MZBVKMGGVF89ZRQ,plant/plant_03/05/0029.png,0,1,0,False,44,23.140.82.162,3.571942090988159,2024-04-05 01:13:41.416762,9,24,"None None None Mozilla/5.0 (Windows NT 10.0; Win64; x64) AppleWebKit/537.36 (KHTML, like Gecko) Chrome/123.0.0.0 Safari/537.36"
37f004706610decae59d7b67dddb2d10,ANBEOFBHREHKH,33LK57MYLT5DF07T420Q0AHJXD9SZC,375VSR8FVW9ZR19MZBVKMGGVF89ZRQ,car/car_03/01/0046.png,1,1,1,True,45,23.140.82.162,5.382884502410889,2024-04-05 01:13:48.017356,9,24,"None None None Mozilla/5.0 (Windows NT 10.0; Win64; x64) AppleWebKit/537.36 (KHTML, like Gecko) Chrome/123.0.0.0 Safari/537.36"
37f004706610decae59d7b67dddb2d10,ANBEOFBHREHKH,33LK57MYLT5DF07T420Q0AHJXD9SZC,375VSR8FVW9ZR19MZBVKMGGVF89ZRQ,laptop/laptop_03/03/0012.png,0,1,0,False,46,23.140.82.162,3.201039552688598,2024-04-05 01:13:52.463897,9,24,"None None None Mozilla/5.0 (Windows NT 10.0; Win64; x64) AppleWebKit/537.36 (KHTML, like Gecko) Chrome/123.0.0.0 Safari/537.36"
37f004706610decae59d7b67dddb2d10,ANBEOFBHREHKH,33LK57MYLT5DF07T420Q0AHJXD9SZC,375VSR8FVW9ZR19MZBVKMGGVF89ZRQ,couch/couch_03/06/0004.png,1,0,0,True,47,23.140.82.162,4.4092676639556885,2024-04-05 01:13:58.133027,9,24,"None None None Mozilla/5.0 (Windows NT 10.0; Win64; x64) AppleWebKit/537.36 (KHTML, like Gecko) Chrome/123.0.0.0 Safari/537.36"
37f004706610decae59d7b67dddb2d10,ANBEOFBHREHKH,33LK57MYLT5DF07T420Q0AHJXD9SZC,375VSR8FVW9ZR19MZBVKMGGVF89ZRQ,laptop/laptop_03/04/0017.png,0,1,0,False,48,23.140.82.162,2.85718035697937,2024-04-05 01:14:02.232480,9,24,"None None None Mozilla/5.0 (Windows NT 10.0; Win64; x64) AppleWebKit/537.36 (KHTML, like Gecko) Chrome/123.0.0.0 Safari/537.36"
37f004706610decae59d7b67dddb2d10,ANBEOFBHREHKH,33LK57MYLT5DF07T420Q0AHJXD9SZC,375VSR8FVW9ZR19MZBVKMGGVF89ZRQ,couch/couch_03/09/0034.png,1,0,0,False,49,23.140.82.162,2.8637139797210693,2024-04-05 01:14:06.331852,9,24,"None None None Mozilla/5.0 (Windows NT 10.0; Win64; x64) AppleWebKit/537.36 (KHTML, like Gecko) Chrome/123.0.0.0 Safari/537.36"
37f004706610decae59d7b67dddb2d10,ANBEOFBHREHKH,33LK57MYLT5DF07T420Q0AHJXD9SZC,375VSR8FVW9ZR19MZBVKMGGVF89ZRQ,bench/bench_03/04/0006.png,0,1,0,False,50,23.140.82.162,3.565640687942505,2024-04-05 01:14:11.096499,9,24,"None None None Mozilla/5.0 (Windows NT 10.0; Win64; x64) AppleWebKit/537.36 (KHTML, like Gecko) Chrome/123.0.0.0 Safari/537.36"
37f004706610decae59d7b67dddb2d10,ANBEOFBHREHKH,33LK57MYLT5DF07T420Q0AHJXD9SZC,375VSR8FVW9ZR19MZBVKMGGVF89ZRQ,plant/plant_03/02/0030.png,0,1,0,False,51,23.140.82.162,2.7204222679138184,2024-04-05 01:14:15.052440,9,24,"None None None Mozilla/5.0 (Windows NT 10.0; Win64; x64) AppleWebKit/537.36 (KHTML, like Gecko) Chrome/123.0.0.0 Safari/537.36"
37f004706610decae59d7b67dddb2d10,ANBEOFBHREHKH,33LK57MYLT5DF07T420Q0AHJXD9SZC,375VSR8FVW9ZR19MZBVKMGGVF89ZRQ,plant/plant_03/07/0019.png,0,0,1,False,52,23.140.82.162,3.4623827934265137,2024-04-05 01:14:19.738521,9,24,"None None None Mozilla/5.0 (Windows NT 10.0; Win64; x64) AppleWebKit/537.36 (KHTML, like Gecko) Chrome/123.0.0.0 Safari/537.36"
37f004706610decae59d7b67dddb2d10,ANBEOFBHREHKH,33LK57MYLT5DF07T420Q0AHJXD9SZC,375VSR8FVW9ZR19MZBVKMGGVF89ZRQ,motorcycle/motorcycle_03/01/0010.png,0,1,0,False,53,23.140.82.162,3.269014835357666,2024-04-05 01:14:24.235247,9,24,"None None None Mozilla/5.0 (Windows NT 10.0; Win64; x64) AppleWebKit/537.36 (KHTML, like Gecko) Chrome/123.0.0.0 Safari/537.36"
37f004706610decae59d7b67dddb2d10,ANBEOFBHREHKH,33LK57MYLT5DF07T420Q0AHJXD9SZC,375VSR8FVW9ZR19MZBVKMGGVF89ZRQ,laptop/laptop_03/08/0042.png,0,0,1,False,54,23.140.82.162,3.254078149795532,2024-04-05 01:14:28.736272,9,24,"None None None Mozilla/5.0 (Windows NT 10.0; Win64; x64) AppleWebKit/537.36 (KHTML, like Gecko) Chrome/123.0.0.0 Safari/537.36"
37f004706610decae59d7b67dddb2d10,ANBEOFBHREHKH,33LK57MYLT5DF07T420Q0AHJXD9SZC,375VSR8FVW9ZR19MZBVKMGGVF89ZRQ,laptop/laptop_03/09/0044.png,1,0,0,True,55,23.140.82.162,30.562645196914676,2024-04-05 01:15:00.519455,9,24,"None None None Mozilla/5.0 (Windows NT 10.0; Win64; x64) AppleWebKit/537.36 (KHTML, like Gecko) Chrome/123.0.0.0 Safari/537.36"
37f004706610decae59d7b67dddb2d10,ANBEOFBHREHKH,33LK57MYLT5DF07T420Q0AHJXD9SZC,375VSR8FVW9ZR19MZBVKMGGVF89ZRQ,suitcase/suitcase_03/02/0030.png,0,1,0,True,56,23.140.82.162,5.307366371154785,2024-04-05 01:15:07.110102,9,24,"None None None Mozilla/5.0 (Windows NT 10.0; Win64; x64) AppleWebKit/537.36 (KHTML, like Gecko) Chrome/123.0.0.0 Safari/537.36"
37f004706610decae59d7b67dddb2d10,ANBEOFBHREHKH,33LK57MYLT5DF07T420Q0AHJXD9SZC,375VSR8FVW9ZR19MZBVKMGGVF89ZRQ,couch/couch_03/08/0046.png,0,0,1,False,57,23.140.82.162,3.4452030658721924,2024-04-05 01:15:11.762643,9,24,"None None None Mozilla/5.0 (Windows NT 10.0; Win64; x64) AppleWebKit/537.36 (KHTML, like Gecko) Chrome/123.0.0.0 Safari/537.36"
37f004706610decae59d7b67dddb2d10,ANBEOFBHREHKH,33LK57MYLT5DF07T420Q0AHJXD9SZC,375VSR8FVW9ZR19MZBVKMGGVF89ZRQ,car/car_03/02/0049.png,0,1,0,False,58,23.140.82.162,3.4161195755004883,2024-04-05 01:15:16.412898,9,24,"None None None Mozilla/5.0 (Windows NT 10.0; Win64; x64) AppleWebKit/537.36 (KHTML, like Gecko) Chrome/123.0.0.0 Safari/537.36"
37f004706610decae59d7b67dddb2d10,ANBEOFBHREHKH,33LK57MYLT5DF07T420Q0AHJXD9SZC,375VSR8FVW9ZR19MZBVKMGGVF89ZRQ,laptop/laptop_03/08/0032.png,0,0,1,False,59,23.140.82.162,3.1140692234039307,2024-04-05 01:15:20.740313,9,24,"None None None Mozilla/5.0 (Windows NT 10.0; Win64; x64) AppleWebKit/537.36 (KHTML, like Gecko) Chrome/123.0.0.0 Safari/537.36"
37f004706610decae59d7b67dddb2d10,ANBEOFBHREHKH,33LK57MYLT5DF07T420Q0AHJXD9SZC,375VSR8FVW9ZR19MZBVKMGGVF89ZRQ,hydrant/hydrant_03/05/0012.png,0,1,0,False,60,23.140.82.162,3.1829400062561035,2024-04-05 01:15:27.814987,9,24,"None None None Mozilla/5.0 (Windows NT 10.0; Win64; x64) AppleWebKit/537.36 (KHTML, like Gecko) Chrome/123.0.0.0 Safari/537.36"
37f004706610decae59d7b67dddb2d10,ANBEOFBHREHKH,33LK57MYLT5DF07T420Q0AHJXD9SZC,375VSR8FVW9ZR19MZBVKMGGVF89ZRQ,plant/plant_03/02/0013.png,1,1,1,False,61,23.140.82.162,3.834693431854248,2024-04-05 01:15:32.885127,9,24,"None None None Mozilla/5.0 (Windows NT 10.0; Win64; x64) AppleWebKit/537.36 (KHTML, like Gecko) Chrome/123.0.0.0 Safari/537.36"
37f004706610decae59d7b67dddb2d10,ANBEOFBHREHKH,33LK57MYLT5DF07T420Q0AHJXD9SZC,375VSR8FVW9ZR19MZBVKMGGVF89ZRQ,suitcase/suitcase_03/06/0027.png,0,0,1,False,62,23.140.82.162,3.616514444351196,2024-04-05 01:15:37.718730,9,24,"None None None Mozilla/5.0 (Windows NT 10.0; Win64; x64) AppleWebKit/537.36 (KHTML, like Gecko) Chrome/123.0.0.0 Safari/537.36"
37f004706610decae59d7b67dddb2d10,ANBEOFBHREHKH,33LK57MYLT5DF07T420Q0AHJXD9SZC,375VSR8FVW9ZR19MZBVKMGGVF89ZRQ,suitcase/suitcase_03/07/0017.png,0,0,1,True,63,23.140.82.162,7.862625598907471,2024-04-05 01:15:46.822355,9,24,"None None None Mozilla/5.0 (Windows NT 10.0; Win64; x64) AppleWebKit/537.36 (KHTML, like Gecko) Chrome/123.0.0.0 Safari/537.36"
37f004706610decae59d7b67dddb2d10,ANBEOFBHREHKH,33LK57MYLT5DF07T420Q0AHJXD9SZC,375VSR8FVW9ZR19MZBVKMGGVF89ZRQ,car/car_03/10/0047.png,0,0,1,False,64,23.140.82.162,3.561523675918579,2024-04-05 01:15:51.637867,9,24,"None None None Mozilla/5.0 (Windows NT 10.0; Win64; x64) AppleWebKit/537.36 (KHTML, like Gecko) Chrome/123.0.0.0 Safari/537.36"
37f004706610decae59d7b67dddb2d10,ANBEOFBHREHKH,33LK57MYLT5DF07T420Q0AHJXD9SZC,375VSR8FVW9ZR19MZBVKMGGVF89ZRQ,suitcase/suitcase_03/07/0040.png,0,0,1,False,65,23.140.82.162,3.0044898986816406,2024-04-05 01:15:55.866980,9,24,"None None None Mozilla/5.0 (Windows NT 10.0; Win64; x64) AppleWebKit/537.36 (KHTML, like Gecko) Chrome/123.0.0.0 Safari/537.36"
37f004706610decae59d7b67dddb2d10,ANBEOFBHREHKH,33LK57MYLT5DF07T420Q0AHJXD9SZC,375VSR8FVW9ZR19MZBVKMGGVF89ZRQ,couch/couch_03/09/0023.png,0,0,1,False,66,23.140.82.162,3.9947471618652335,2024-04-05 01:16:01.085646,9,24,"None None None Mozilla/5.0 (Windows NT 10.0; Win64; x64) AppleWebKit/537.36 (KHTML, like Gecko) Chrome/123.0.0.0 Safari/537.36"
37f004706610decae59d7b67dddb2d10,ANBEOFBHREHKH,33LK57MYLT5DF07T420Q0AHJXD9SZC,375VSR8FVW9ZR19MZBVKMGGVF89ZRQ,hydrant/hydrant_03/01/0004.png,0,1,0,False,67,23.140.82.162,0.2499971389770507,2024-04-05 01:16:02.971056,9,24,"None None None Mozilla/5.0 (Windows NT 10.0; Win64; x64) AppleWebKit/537.36 (KHTML, like Gecko) Chrome/123.0.0.0 Safari/537.36"
37f004706610decae59d7b67dddb2d10,ANBEOFBHREHKH,33LK57MYLT5DF07T420Q0AHJXD9SZC,375VSR8FVW9ZR19MZBVKMGGVF89ZRQ,laptop/laptop_03/07/0047.png,0,0,1,True,68,23.140.82.162,5.620975732803345,2024-04-05 01:16:39.271580,9,24,"None None None Mozilla/5.0 (Windows NT 10.0; Win64; x64) AppleWebKit/537.36 (KHTML, like Gecko) Chrome/123.0.0.0 Safari/537.36"
37f004706610decae59d7b67dddb2d10,ANBEOFBHREHKH,33LK57MYLT5DF07T420Q0AHJXD9SZC,375VSR8FVW9ZR19MZBVKMGGVF89ZRQ,motorcycle/motorcycle_03/09/0026.png,0,0,1,False,69,23.140.82.162,0.3676040172576904,2024-04-05 01:16:40.858159,9,24,"None None None Mozilla/5.0 (Windows NT 10.0; Win64; x64) AppleWebKit/537.36 (KHTML, like Gecko) Chrome/123.0.0.0 Safari/537.36"
37f004706610decae59d7b67dddb2d10,ANBEOFBHREHKH,33LK57MYLT5DF07T420Q0AHJXD9SZC,375VSR8FVW9ZR19MZBVKMGGVF89ZRQ,plant/plant_03/03/0008.png,0,1,0,False,70,23.140.82.162,2.8216025829315186,2024-04-05 01:16:47.850415,9,24,"None None None Mozilla/5.0 (Windows NT 10.0; Win64; x64) AppleWebKit/537.36 (KHTML, like Gecko) Chrome/123.0.0.0 Safari/537.36"
37f004706610decae59d7b67dddb2d10,ANBEOFBHREHKH,33LK57MYLT5DF07T420Q0AHJXD9SZC,375VSR8FVW9ZR19MZBVKMGGVF89ZRQ,plant/plant_03/03/0008.png,1,1,1,True,70,23.140.82.162,5.032494783401489,2024-04-05 01:16:50.061307,9,24,"None None None Mozilla/5.0 (Windows NT 10.0; Win64; x64) AppleWebKit/537.36 (KHTML, like Gecko) Chrome/123.0.0.0 Safari/537.36"
37f004706610decae59d7b67dddb2d10,ANBEOFBHREHKH,33LK57MYLT5DF07T420Q0AHJXD9SZC,375VSR8FVW9ZR19MZBVKMGGVF89ZRQ,hydrant/hydrant_03/04/0023.png,0,1,0,False,71,23.140.82.162,3.210370779037476,2024-04-05 01:16:54.501510,9,24,"None None None Mozilla/5.0 (Windows NT 10.0; Win64; x64) AppleWebKit/537.36 (KHTML, like Gecko) Chrome/123.0.0.0 Safari/537.36"
37f004706610decae59d7b67dddb2d10,ANBEOFBHREHKH,33LK57MYLT5DF07T420Q0AHJXD9SZC,375VSR8FVW9ZR19MZBVKMGGVF89ZRQ,suitcase/suitcase_03/05/0033.png,1,1,1,False,72,23.140.82.162,3.729378461837769,2024-04-05 01:16:59.621811,9,24,"None None None Mozilla/5.0 (Windows NT 10.0; Win64; x64) AppleWebKit/537.36 (KHTML, like Gecko) Chrome/123.0.0.0 Safari/537.36"
37f004706610decae59d7b67dddb2d10,ANBEOFBHREHKH,33LK57MYLT5DF07T420Q0AHJXD9SZC,375VSR8FVW9ZR19MZBVKMGGVF89ZRQ,car/car_03/01/0013.png,1,1,1,True,73,23.140.82.162,4.57539176940918,2024-04-05 01:17:05.570618,9,24,"None None None Mozilla/5.0 (Windows NT 10.0; Win64; x64) AppleWebKit/537.36 (KHTML, like Gecko) Chrome/123.0.0.0 Safari/537.36"
37f004706610decae59d7b67dddb2d10,ANBEOFBHREHKH,33LK57MYLT5DF07T420Q0AHJXD9SZC,375VSR8FVW9ZR19MZBVKMGGVF89ZRQ,bench/bench_03/09/0015.png,0,0,1,False,74,23.140.82.162,3.1189932823181152,2024-04-05 01:17:09.933656,9,24,"None None None Mozilla/5.0 (Windows NT 10.0; Win64; x64) AppleWebKit/537.36 (KHTML, like Gecko) Chrome/123.0.0.0 Safari/537.36"
37f004706610decae59d7b67dddb2d10,ANBEOFBHREHKH,33LK57MYLT5DF07T420Q0AHJXD9SZC,375VSR8FVW9ZR19MZBVKMGGVF89ZRQ,suitcase/suitcase_03/04/0023.png,1,1,1,False,75,23.140.82.162,3.2127435207366943,2024-04-05 01:17:14.552939,9,24,"None None None Mozilla/5.0 (Windows NT 10.0; Win64; x64) AppleWebKit/537.36 (KHTML, like Gecko) Chrome/123.0.0.0 Safari/537.36"
37f004706610decae59d7b67dddb2d10,ANBEOFBHREHKH,33LK57MYLT5DF07T420Q0AHJXD9SZC,375VSR8FVW9ZR19MZBVKMGGVF89ZRQ,motorcycle/motorcycle_03/02/0008.png,0,1,0,False,76,23.140.82.162,3.566842555999756,2024-04-05 01:17:19.339774,9,24,"None None None Mozilla/5.0 (Windows NT 10.0; Win64; x64) AppleWebKit/537.36 (KHTML, like Gecko) Chrome/123.0.0.0 Safari/537.36"
37f004706610decae59d7b67dddb2d10,ANBEOFBHREHKH,33LK57MYLT5DF07T420Q0AHJXD9SZC,375VSR8FVW9ZR19MZBVKMGGVF89ZRQ,chair/chair_03/01/0006.png,1,1,1,False,77,23.140.82.162,2.930049419403076,2024-04-05 01:17:23.481640,9,24,"None None None Mozilla/5.0 (Windows NT 10.0; Win64; x64) AppleWebKit/537.36 (KHTML, like Gecko) Chrome/123.0.0.0 Safari/537.36"
37f004706610decae59d7b67dddb2d10,ANBEOFBHREHKH,33LK57MYLT5DF07T420Q0AHJXD9SZC,375VSR8FVW9ZR19MZBVKMGGVF89ZRQ,car/car_03/02/0023.png,0,1,0,False,78,23.140.82.162,5.353717803955078,2024-04-05 01:17:33.180857,9,24,"None None None Mozilla/5.0 (Windows NT 10.0; Win64; x64) AppleWebKit/537.36 (KHTML, like Gecko) Chrome/123.0.0.0 Safari/537.36"
37f004706610decae59d7b67dddb2d10,ANBEOFBHREHKH,33LK57MYLT5DF07T420Q0AHJXD9SZC,375VSR8FVW9ZR19MZBVKMGGVF89ZRQ,couch/couch_03/03/0039.png,1,1,1,False,79,23.140.82.162,3.0966038703918457,2024-04-05 01:17:37.494956,9,24,"None None None Mozilla/5.0 (Windows NT 10.0; Win64; x64) AppleWebKit/537.36 (KHTML, like Gecko) Chrome/123.0.0.0 Safari/537.36"
37f004706610decae59d7b67dddb2d10,ANBEOFBHREHKH,33LK57MYLT5DF07T420Q0AHJXD9SZC,375VSR8FVW9ZR19MZBVKMGGVF89ZRQ,plant/plant_03/01/0029.png,1,1,1,False,80,23.140.82.162,3.663245677947998,2024-04-05 01:17:45.190503,9,24,"None None None Mozilla/5.0 (Windows NT 10.0; Win64; x64) AppleWebKit/537.36 (KHTML, like Gecko) Chrome/123.0.0.0 Safari/537.36"
37f004706610decae59d7b67dddb2d10,ANBEOFBHREHKH,33LK57MYLT5DF07T420Q0AHJXD9SZC,375VSR8FVW9ZR19MZBVKMGGVF89ZRQ,chair/chair_03/01/0004.png,0,1,0,False,81,23.140.82.162,3.4958996772766118,2024-04-05 01:17:49.930606,9,24,"None None None Mozilla/5.0 (Windows NT 10.0; Win64; x64) AppleWebKit/537.36 (KHTML, like Gecko) Chrome/123.0.0.0 Safari/537.36"
37f004706610decae59d7b67dddb2d10,ANBEOFBHREHKH,33LK57MYLT5DF07T420Q0AHJXD9SZC,375VSR8FVW9ZR19MZBVKMGGVF89ZRQ,chair/chair_03/05/0042.png,1,1,1,False,82,23.140.82.162,3.358482360839844,2024-04-05 01:17:54.503807,9,24,"None None None Mozilla/5.0 (Windows NT 10.0; Win64; x64) AppleWebKit/537.36 (KHTML, like Gecko) Chrome/123.0.0.0 Safari/537.36"
37f004706610decae59d7b67dddb2d10,ANBEOFBHREHKH,33LK57MYLT5DF07T420Q0AHJXD9SZC,375VSR8FVW9ZR19MZBVKMGGVF89ZRQ,hydrant/hydrant_03/02/0034.png,0,1,0,False,83,23.140.82.162,2.9604275226593018,2024-04-05 01:17:58.706660,9,24,"None None None Mozilla/5.0 (Windows NT 10.0; Win64; x64) AppleWebKit/537.36 (KHTML, like Gecko) Chrome/123.0.0.0 Safari/537.36"
37f004706610decae59d7b67dddb2d10,ANBEOFBHREHKH,33LK57MYLT5DF07T420Q0AHJXD9SZC,375VSR8FVW9ZR19MZBVKMGGVF89ZRQ,couch/couch_03/04/0024.png,0,1,0,False,84,23.140.82.162,2.542423248291016,2024-04-05 01:18:02.492195,9,24,"None None None Mozilla/5.0 (Windows NT 10.0; Win64; x64) AppleWebKit/537.36 (KHTML, like Gecko) Chrome/123.0.0.0 Safari/537.36"
37f004706610decae59d7b67dddb2d10,ANBEOFBHREHKH,33LK57MYLT5DF07T420Q0AHJXD9SZC,375VSR8FVW9ZR19MZBVKMGGVF89ZRQ,chair/chair_03/02/0040.png,0,1,0,False,85,23.140.82.162,3.0059187412261963,2024-04-05 01:18:06.753019,9,24,"None None None Mozilla/5.0 (Windows NT 10.0; Win64; x64) AppleWebKit/537.36 (KHTML, like Gecko) Chrome/123.0.0.0 Safari/537.36"
37f004706610decae59d7b67dddb2d10,ANBEOFBHREHKH,33LK57MYLT5DF07T420Q0AHJXD9SZC,375VSR8FVW9ZR19MZBVKMGGVF89ZRQ,car/car_03/01/0042.png,0,1,0,False,86,23.140.82.162,2.960428476333618,2024-04-05 01:18:10.915189,9,24,"None None None Mozilla/5.0 (Windows NT 10.0; Win64; x64) AppleWebKit/537.36 (KHTML, like Gecko) Chrome/123.0.0.0 Safari/537.36"
37f004706610decae59d7b67dddb2d10,ANBEOFBHREHKH,33LK57MYLT5DF07T420Q0AHJXD9SZC,375VSR8FVW9ZR19MZBVKMGGVF89ZRQ,car/car_03/04/0047.png,0,1,0,False,87,23.140.82.162,2.7016451358795166,2024-04-05 01:18:14.824408,9,24,"None None None Mozilla/5.0 (Windows NT 10.0; Win64; x64) AppleWebKit/537.36 (KHTML, like Gecko) Chrome/123.0.0.0 Safari/537.36"
37f004706610decae59d7b67dddb2d10,ANBEOFBHREHKH,33LK57MYLT5DF07T420Q0AHJXD9SZC,375VSR8FVW9ZR19MZBVKMGGVF89ZRQ,chair/chair_03/10/0044.png,0,0,1,False,88,23.140.82.162,2.752336025238037,2024-04-05 01:18:18.801369,9,24,"None None None Mozilla/5.0 (Windows NT 10.0; Win64; x64) AppleWebKit/537.36 (KHTML, like Gecko) Chrome/123.0.0.0 Safari/537.36"
37f004706610decae59d7b67dddb2d10,ANBEOFBHREHKH,33LK57MYLT5DF07T420Q0AHJXD9SZC,375VSR8FVW9ZR19MZBVKMGGVF89ZRQ,motorcycle/motorcycle_03/01/0022.png,1,1,1,False,89,23.140.82.162,3.5160274505615234,2024-04-05 01:18:23.530780,9,24,"None None None Mozilla/5.0 (Windows NT 10.0; Win64; x64) AppleWebKit/537.36 (KHTML, like Gecko) Chrome/123.0.0.0 Safari/537.36"
37f004706610decae59d7b67dddb2d10,ANBEOFBHREHKH,33LK57MYLT5DF07T420Q0AHJXD9SZC,375VSR8FVW9ZR19MZBVKMGGVF89ZRQ,suitcase/suitcase_03/03/0020.png,0,1,0,False,90,23.140.82.162,3.225780963897705,2024-04-05 01:18:27.982758,9,24,"None None None Mozilla/5.0 (Windows NT 10.0; Win64; x64) AppleWebKit/537.36 (KHTML, like Gecko) Chrome/123.0.0.0 Safari/537.36"
37f004706610decae59d7b67dddb2d10,ANBEOFBHREHKH,33LK57MYLT5DF07T420Q0AHJXD9SZC,375VSR8FVW9ZR19MZBVKMGGVF89ZRQ,suitcase/suitcase_03/08/0037.png,0,0,1,False,91,23.140.82.162,3.3678598403930664,2024-04-05 01:18:32.594512,9,24,"None None None Mozilla/5.0 (Windows NT 10.0; Win64; x64) AppleWebKit/537.36 (KHTML, like Gecko) Chrome/123.0.0.0 Safari/537.36"
37f004706610decae59d7b67dddb2d10,ANBEOFBHREHKH,33LK57MYLT5DF07T420Q0AHJXD9SZC,375VSR8FVW9ZR19MZBVKMGGVF89ZRQ,car/car_03/09/0016.png,0,0,1,False,92,23.140.82.162,2.897775650024414,2024-04-05 01:18:36.740946,9,24,"None None None Mozilla/5.0 (Windows NT 10.0; Win64; x64) AppleWebKit/537.36 (KHTML, like Gecko) Chrome/123.0.0.0 Safari/537.36"
37f004706610decae59d7b67dddb2d10,ANBEOFBHREHKH,33LK57MYLT5DF07T420Q0AHJXD9SZC,375VSR8FVW9ZR19MZBVKMGGVF89ZRQ,car/car_03/02/0013.png,0,1,0,False,93,23.140.82.162,2.899472713470459,2024-04-05 01:18:40.865149,9,24,"None None None Mozilla/5.0 (Windows NT 10.0; Win64; x64) AppleWebKit/537.36 (KHTML, like Gecko) Chrome/123.0.0.0 Safari/537.36"
37f004706610decae59d7b67dddb2d10,ANBEOFBHREHKH,33LK57MYLT5DF07T420Q0AHJXD9SZC,375VSR8FVW9ZR19MZBVKMGGVF89ZRQ,plant/plant_03/08/0043.png,1,0,0,False,94,23.140.82.162,2.9276936054229736,2024-04-05 01:18:45.546369,9,24,"None None None Mozilla/5.0 (Windows NT 10.0; Win64; x64) AppleWebKit/537.36 (KHTML, like Gecko) Chrome/123.0.0.0 Safari/537.36"
37f004706610decae59d7b67dddb2d10,ANBEOFBHREHKH,33LK57MYLT5DF07T420Q0AHJXD9SZC,375VSR8FVW9ZR19MZBVKMGGVF89ZRQ,couch/couch_03/08/0013.png,0,0,1,False,95,23.140.82.162,3.21191143989563,2024-04-05 01:18:50.001110,9,24,"None None None Mozilla/5.0 (Windows NT 10.0; Win64; x64) AppleWebKit/537.36 (KHTML, like Gecko) Chrome/123.0.0.0 Safari/537.36"
37f004706610decae59d7b67dddb2d10,ANBEOFBHREHKH,33LK57MYLT5DF07T420Q0AHJXD9SZC,375VSR8FVW9ZR19MZBVKMGGVF89ZRQ,couch/couch_03/06/0034.png,0,0,1,False,96,23.140.82.162,2.673623561859131,2024-04-05 01:18:53.886841,9,24,"None None None Mozilla/5.0 (Windows NT 10.0; Win64; x64) AppleWebKit/537.36 (KHTML, like Gecko) Chrome/123.0.0.0 Safari/537.36"
37f004706610decae59d7b67dddb2d10,ANBEOFBHREHKH,33LK57MYLT5DF07T420Q0AHJXD9SZC,375VSR8FVW9ZR19MZBVKMGGVF89ZRQ,suitcase/suitcase_03/07/0046.png,0,0,1,False,97,23.140.82.162,3.5412046909332275,2024-04-05 01:18:58.620764,9,24,"None None None Mozilla/5.0 (Windows NT 10.0; Win64; x64) AppleWebKit/537.36 (KHTML, like Gecko) Chrome/123.0.0.0 Safari/537.36"
37f004706610decae59d7b67dddb2d10,ANBEOFBHREHKH,33LK57MYLT5DF07T420Q0AHJXD9SZC,375VSR8FVW9ZR19MZBVKMGGVF89ZRQ,chair/chair_03/04/0017.png,0,1,0,False,98,23.140.82.162,3.331929445266724,2024-04-05 01:19:03.160219,9,24,"None None None Mozilla/5.0 (Windows NT 10.0; Win64; x64) AppleWebKit/537.36 (KHTML, like Gecko) Chrome/123.0.0.0 Safari/537.36"
37f004706610decae59d7b67dddb2d10,ANBEOFBHREHKH,33LK57MYLT5DF07T420Q0AHJXD9SZC,375VSR8FVW9ZR19MZBVKMGGVF89ZRQ,laptop/laptop_03/06/0037.png,0,0,1,False,99,23.140.82.162,3.035205602645874,2024-04-05 01:19:07.437585,9,24,"None None None Mozilla/5.0 (Windows NT 10.0; Win64; x64) AppleWebKit/537.36 (KHTML, like Gecko) Chrome/123.0.0.0 Safari/537.36"
37f004706610decae59d7b67dddb2d10,ANBEOFBHREHKH,33LK57MYLT5DF07T420Q0AHJXD9SZC,375VSR8FVW9ZR19MZBVKMGGVF89ZRQ,plant/plant_03/05/0046.png,1,1,1,False,100,23.140.82.162,3.1915266513824463,2024-04-05 01:19:14.485948,9,24,"None None None Mozilla/5.0 (Windows NT 10.0; Win64; x64) AppleWebKit/537.36 (KHTML, like Gecko) Chrome/123.0.0.0 Safari/537.36"
37f004706610decae59d7b67dddb2d10,ANBEOFBHREHKH,33LK57MYLT5DF07T420Q0AHJXD9SZC,375VSR8FVW9ZR19MZBVKMGGVF89ZRQ,couch/couch_03/01/0048.png,1,1,1,False,101,23.140.82.162,3.542456865310669,2024-04-05 01:19:20.679155,9,24,"None None None Mozilla/5.0 (Windows NT 10.0; Win64; x64) AppleWebKit/537.36 (KHTML, like Gecko) Chrome/123.0.0.0 Safari/537.36"
37f004706610decae59d7b67dddb2d10,ANBEOFBHREHKH,33LK57MYLT5DF07T420Q0AHJXD9SZC,375VSR8FVW9ZR19MZBVKMGGVF89ZRQ,couch/couch_03/10/0006.png,1,0,0,False,102,23.140.82.162,3.164390802383423,2024-04-05 01:19:25.091177,9,24,"None None None Mozilla/5.0 (Windows NT 10.0; Win64; x64) AppleWebKit/537.36 (KHTML, like Gecko) Chrome/123.0.0.0 Safari/537.36"
37f004706610decae59d7b67dddb2d10,ANBEOFBHREHKH,33LK57MYLT5DF07T420Q0AHJXD9SZC,375VSR8FVW9ZR19MZBVKMGGVF89ZRQ,chair/chair_03/03/0036.png,1,1,1,False,103,23.140.82.162,3.425689220428467,2024-04-05 01:19:29.737785,9,24,"None None None Mozilla/5.0 (Windows NT 10.0; Win64; x64) AppleWebKit/537.36 (KHTML, like Gecko) Chrome/123.0.0.0 Safari/537.36"
37f004706610decae59d7b67dddb2d10,ANBEOFBHREHKH,33LK57MYLT5DF07T420Q0AHJXD9SZC,375VSR8FVW9ZR19MZBVKMGGVF89ZRQ,bench/bench_03/02/0001.png,1,1,1,False,104,23.140.82.162,3.3773272037506104,2024-04-05 01:19:34.338060,9,24,"None None None Mozilla/5.0 (Windows NT 10.0; Win64; x64) AppleWebKit/537.36 (KHTML, like Gecko) Chrome/123.0.0.0 Safari/537.36"
37f004706610decae59d7b67dddb2d10,ANBEOFBHREHKH,33LK57MYLT5DF07T420Q0AHJXD9SZC,375VSR8FVW9ZR19MZBVKMGGVF89ZRQ,plant/plant_03/08/0047.png,1,0,0,False,105,23.140.82.162,3.3311572074890137,2024-04-05 01:19:38.906124,9,24,"None None None Mozilla/5.0 (Windows NT 10.0; Win64; x64) AppleWebKit/537.36 (KHTML, like Gecko) Chrome/123.0.0.0 Safari/537.36"
37f004706610decae59d7b67dddb2d10,ANBEOFBHREHKH,33LK57MYLT5DF07T420Q0AHJXD9SZC,375VSR8FVW9ZR19MZBVKMGGVF89ZRQ,umbrella/umbrella_03/07/0034.png,0,0,1,False,106,23.140.82.162,2.7156660556793213,2024-04-05 01:19:42.885404,9,24,"None None None Mozilla/5.0 (Windows NT 10.0; Win64; x64) AppleWebKit/537.36 (KHTML, like Gecko) Chrome/123.0.0.0 Safari/537.36"
37f004706610decae59d7b67dddb2d10,ANBEOFBHREHKH,33LK57MYLT5DF07T420Q0AHJXD9SZC,375VSR8FVW9ZR19MZBVKMGGVF89ZRQ,laptop/laptop_03/03/0003.png,1,1,1,False,107,23.140.82.162,3.160287618637085,2024-04-05 01:19:47.277230,9,24,"None None None Mozilla/5.0 (Windows NT 10.0; Win64; x64) AppleWebKit/537.36 (KHTML, like Gecko) Chrome/123.0.0.0 Safari/537.36"
37f004706610decae59d7b67dddb2d10,ANBEOFBHREHKH,33LK57MYLT5DF07T420Q0AHJXD9SZC,375VSR8FVW9ZR19MZBVKMGGVF89ZRQ,suitcase/suitcase_03/10/0030.png,1,0,0,False,108,23.140.82.162,3.0154707431793213,2024-04-05 01:19:51.553833,9,24,"None None None Mozilla/5.0 (Windows NT 10.0; Win64; x64) AppleWebKit/537.36 (KHTML, like Gecko) Chrome/123.0.0.0 Safari/537.36"
37f004706610decae59d7b67dddb2d10,ANBEOFBHREHKH,33LK57MYLT5DF07T420Q0AHJXD9SZC,375VSR8FVW9ZR19MZBVKMGGVF89ZRQ,couch/couch_03/04/0034.png,0,1,0,False,109,23.140.82.162,3.108964443206787,2024-04-05 01:19:55.878933,9,24,"None None None Mozilla/5.0 (Windows NT 10.0; Win64; x64) AppleWebKit/537.36 (KHTML, like Gecko) Chrome/123.0.0.0 Safari/537.36"
37f004706610decae59d7b67dddb2d10,ANBEOFBHREHKH,33LK57MYLT5DF07T420Q0AHJXD9SZC,375VSR8FVW9ZR19MZBVKMGGVF89ZRQ,plant/plant_03/02/0031.png,0,1,0,False,110,23.140.82.162,3.605967044830322,2024-04-05 01:20:00.700333,9,24,"None None None Mozilla/5.0 (Windows NT 10.0; Win64; x64) AppleWebKit/537.36 (KHTML, like Gecko) Chrome/123.0.0.0 Safari/537.36"
37f004706610decae59d7b67dddb2d10,ANBEOFBHREHKH,33LK57MYLT5DF07T420Q0AHJXD9SZC,375VSR8FVW9ZR19MZBVKMGGVF89ZRQ,bench/bench_03/01/0010.png,0,1,0,False,111,23.140.82.162,3.953662157058716,2024-04-05 01:20:05.881286,9,24,"None None None Mozilla/5.0 (Windows NT 10.0; Win64; x64) AppleWebKit/537.36 (KHTML, like Gecko) Chrome/123.0.0.0 Safari/537.36"
37f004706610decae59d7b67dddb2d10,ANBEOFBHREHKH,33LK57MYLT5DF07T420Q0AHJXD9SZC,375VSR8FVW9ZR19MZBVKMGGVF89ZRQ,couch/couch_03/05/0003.png,1,1,1,False,112,23.140.82.162,3.3757119178771973,2024-04-05 01:20:10.546373,9,24,"None None None Mozilla/5.0 (Windows NT 10.0; Win64; x64) AppleWebKit/537.36 (KHTML, like Gecko) Chrome/123.0.0.0 Safari/537.36"
37f004706610decae59d7b67dddb2d10,ANBEOFBHREHKH,33LK57MYLT5DF07T420Q0AHJXD9SZC,375VSR8FVW9ZR19MZBVKMGGVF89ZRQ,suitcase/suitcase_03/03/0046.png,1,1,1,False,113,23.140.82.162,3.917349576950073,2024-04-05 01:20:15.680234,9,24,"None None None Mozilla/5.0 (Windows NT 10.0; Win64; x64) AppleWebKit/537.36 (KHTML, like Gecko) Chrome/123.0.0.0 Safari/537.36"
37f004706610decae59d7b67dddb2d10,ANBEOFBHREHKH,33LK57MYLT5DF07T420Q0AHJXD9SZC,375VSR8FVW9ZR19MZBVKMGGVF89ZRQ,couch/couch_03/06/0000.png,0,0,1,False,114,23.140.82.162,2.851005792617798,2024-04-05 01:20:19.742117,9,24,"None None None Mozilla/5.0 (Windows NT 10.0; Win64; x64) AppleWebKit/537.36 (KHTML, like Gecko) Chrome/123.0.0.0 Safari/537.36"
37f004706610decae59d7b67dddb2d10,ANBEOFBHREHKH,33LK57MYLT5DF07T420Q0AHJXD9SZC,375VSR8FVW9ZR19MZBVKMGGVF89ZRQ,plant/plant_03/03/0021.png,0,1,0,False,115,23.140.82.162,3.333556890487671,2024-04-05 01:20:24.278336,9,24,"None None None Mozilla/5.0 (Windows NT 10.0; Win64; x64) AppleWebKit/537.36 (KHTML, like Gecko) Chrome/123.0.0.0 Safari/537.36"
37f004706610decae59d7b67dddb2d10,ANBEOFBHREHKH,33LK57MYLT5DF07T420Q0AHJXD9SZC,375VSR8FVW9ZR19MZBVKMGGVF89ZRQ,suitcase/suitcase_03/08/0045.png,0,0,1,False,116,23.140.82.162,2.691617727279663,2024-04-05 01:20:28.181699,9,24,"None None None Mozilla/5.0 (Windows NT 10.0; Win64; x64) AppleWebKit/537.36 (KHTML, like Gecko) Chrome/123.0.0.0 Safari/537.36"
37f004706610decae59d7b67dddb2d10,ANBEOFBHREHKH,33LK57MYLT5DF07T420Q0AHJXD9SZC,375VSR8FVW9ZR19MZBVKMGGVF89ZRQ,hydrant/hydrant_03/09/0021.png,0,0,1,False,117,23.140.82.162,3.0124590396881104,2024-04-05 01:20:32.399787,9,24,"None None None Mozilla/5.0 (Windows NT 10.0; Win64; x64) AppleWebKit/537.36 (KHTML, like Gecko) Chrome/123.0.0.0 Safari/537.36"
37f004706610decae59d7b67dddb2d10,ANBEOFBHREHKH,33LK57MYLT5DF07T420Q0AHJXD9SZC,375VSR8FVW9ZR19MZBVKMGGVF89ZRQ,bench/bench_03/04/0026.png,0,1,0,False,118,23.140.82.162,2.8668599128723145,2024-04-05 01:20:36.497788,9,24,"None None None Mozilla/5.0 (Windows NT 10.0; Win64; x64) AppleWebKit/537.36 (KHTML, like Gecko) Chrome/123.0.0.0 Safari/537.36"
37f004706610decae59d7b67dddb2d10,ANBEOFBHREHKH,33LK57MYLT5DF07T420Q0AHJXD9SZC,375VSR8FVW9ZR19MZBVKMGGVF89ZRQ,chair/chair_03/10/0026.png,0,0,1,False,119,23.140.82.162,3.256216764450073,2024-04-05 01:20:40.978855,9,24,"None None None Mozilla/5.0 (Windows NT 10.0; Win64; x64) AppleWebKit/537.36 (KHTML, like Gecko) Chrome/123.0.0.0 Safari/537.36"
